,id,mmac,time,mac,rssi,range,tmc
0,1,14:6b:9c:f4:03:f1,Tue May  2 15:57:58 2023,3c:7d:0a:c0:68:ad,-74,21.5,42:1f:79:8d:85:51
1,2,14:6b:9c:f4:03:f1,Tue May  2 15:58:00 2023,3c:7d:0a:c0:68:ad,-74,21.5,42:1f:79:8d:85:51
2,3,14:6b:9c:f4:04:17,Tue May  2 15:58:02 2023,3c:7d:0a:c0:68:ad,-64,9.1,42:1f:79:8d:85:51
3,4,14:6b:9c:f4:04:39,Tue May  2 15:58:02 2023,3c:7d:0a:c0:68:ad,-51,3.0,42:1f:79:8d:85:51
4,5,14:6b:9c:f4:03:f1,Tue May  2 15:58:02 2023,3c:7d:0a:c0:68:ad,-79,33.0,42:1f:79:8d:85:51
5,6,14:6b:9c:f4:04:17,Tue May  2 15:58:04 2023,3c:7d:0a:c0:68:ad,-64,9.1,42:1f:79:8d:85:51
6,7,14:6b:9c:f4:03:f1,Tue May  2 15:58:04 2023,3c:7d:0a:c0:68:ad,-75,23.4,42:1f:79:8d:85:51
7,8,14:6b:9c:f4:04:39,Tue May  2 15:58:04 2023,3c:7d:0a:c0:68:ad,-51,3.0,42:1f:79:8d:85:51
8,9,14:6b:9c:f4:03:f1,Tue May  2 15:58:06 2023,3c:7d:0a:c0:68:ad,-72,18.1,42:1f:79:8d:85:51
9,10,14:6b:9c:f4:03:f1,Tue May  2 15:58:08 2023,3c:7d:0a:c0:68:ad,-73,19.7,42:1f:79:8d:85:51
10,11,14:6b:9c:f4:03:f1,Tue May  2 15:58:10 2023,3c:7d:0a:c0:68:ad,-73,19.7,42:1f:79:8d:85:51
11,12,14:6b:9c:f4:03:f1,Tue May  2 15:58:12 2023,3c:7d:0a:c0:68:ad,-68,12.9,42:1f:79:8d:85:51
12,13,14:6b:9c:f4:03:f1,Tue May  2 15:58:14 2023,3c:7d:0a:c0:68:ad,-68,12.9,42:1f:79:8d:85:51
13,14,14:6b:9c:f4:04:17,Tue May  2 15:58:16 2023,3c:7d:0a:c0:68:ad,-62,7.7,42:1f:79:8d:85:51
14,15,14:6b:9c:f4:04:39,Tue May  2 15:58:16 2023,3c:7d:0a:c0:68:ad,-49,2.5,42:1f:79:8d:85:51
15,16,14:6b:9c:f4:03:f1,Tue May  2 15:58:16 2023,3c:7d:0a:c0:68:ad,-74,21.5,42:1f:79:8d:85:51
16,17,14:6b:9c:f4:04:17,Tue May  2 15:58:18 2023,3c:7d:0a:c0:68:ad,-62,7.7,42:1f:79:8d:85:51
17,18,14:6b:9c:f4:04:39,Tue May  2 15:58:18 2023,3c:7d:0a:c0:68:ad,-49,2.5,42:1f:79:8d:85:51
18,19,14:6b:9c:f4:03:f1,Tue May  2 15:58:18 2023,3c:7d:0a:c0:68:ad,-74,21.5,42:1f:79:8d:85:51
19,20,14:6b:9c:f4:04:39,Tue May  2 15:58:20 2023,3c:7d:0a:c0:68:ad,-49,2.5,42:1f:79:8d:85:51
20,21,14:6b:9c:f4:04:39,Tue May  2 15:58:30 2023,3c:7d:0a:c0:68:ad,-55,4.2,42:1f:79:8d:85:51
21,22,14:6b:9c:f4:03:f1,Tue May  2 15:58:30 2023,3c:7d:0a:c0:68:ad,-75,23.4,42:1f:79:8d:85:51
22,23,14:6b:9c:f4:04:39,Tue May  2 15:58:32 2023,3c:7d:0a:c0:68:ad,-55,4.2,42:1f:79:8d:85:51
23,24,14:6b:9c:f4:03:f1,Tue May  2 15:58:32 2023,3c:7d:0a:c0:68:ad,-75,23.4,42:1f:79:8d:85:51
24,25,14:6b:9c:f4:04:17,Tue May  2 15:58:36 2023,3c:7d:0a:c0:68:ad,-69,14.0,42:1f:79:8d:85:51
25,26,14:6b:9c:f4:04:17,Tue May  2 15:58:38 2023,3c:7d:0a:c0:68:ad,-69,14.0,42:1f:79:8d:85:51
26,27,14:6b:9c:f4:04:39,Tue May  2 15:58:42 2023,3c:7d:0a:c0:68:ad,-56,4.6,42:1f:79:8d:85:51
27,28,14:6b:9c:f4:04:39,Tue May  2 15:58:44 2023,3c:7d:0a:c0:68:ad,-56,4.6,42:1f:79:8d:85:51
28,29,14:6b:9c:f4:04:17,Tue May  2 15:58:46 2023,3c:7d:0a:c0:68:ad,-63,8.4,42:1f:79:8d:85:51
29,30,14:6b:9c:f4:03:f1,Tue May  2 15:58:46 2023,3c:7d:0a:c0:68:ad,-75,23.4,42:1f:79:8d:85:51
30,31,14:6b:9c:f4:04:17,Tue May  2 15:58:48 2023,3c:7d:0a:c0:68:ad,-63,8.4,42:1f:79:8d:85:51
31,32,14:6b:9c:f4:03:f1,Tue May  2 15:58:48 2023,3c:7d:0a:c0:68:ad,-75,23.4,42:1f:79:8d:85:51
32,33,14:6b:9c:f4:04:17,Tue May  2 15:58:56 2023,3c:7d:0a:c0:68:ad,-62,7.7,42:1f:79:8d:85:51
33,34,14:6b:9c:f4:04:39,Tue May  2 15:58:56 2023,3c:7d:0a:c0:68:ad,-61,7.1,42:1f:79:8d:85:51
34,35,14:6b:9c:f4:04:17,Tue May  2 15:58:58 2023,3c:7d:0a:c0:68:ad,-62,7.7,42:1f:79:8d:85:51
35,36,14:6b:9c:f4:04:39,Tue May  2 15:58:58 2023,3c:7d:0a:c0:68:ad,-61,7.1,42:1f:79:8d:85:51
36,37,14:6b:9c:f4:04:17,Tue May  2 15:59:08 2023,3c:7d:0a:c0:68:ad,-64,9.1,42:1f:79:8d:85:51
37,38,14:6b:9c:f4:04:17,Tue May  2 15:59:10 2023,3c:7d:0a:c0:68:ad,-64,9.1,42:1f:79:8d:85:51
38,39,14:6b:9c:f4:04:17,Tue May  2 15:59:22 2023,3c:7d:0a:c0:68:ad,-67,11.8,42:1f:79:8d:85:51
39,40,14:6b:9c:f4:03:f1,Tue May  2 15:59:22 2023,3c:7d:0a:c0:68:ad,-72,18.1,42:1f:79:8d:85:51
40,41,14:6b:9c:f4:04:39,Tue May  2 15:59:22 2023,3c:7d:0a:c0:68:ad,-60,6.5,42:1f:79:8d:85:51
41,42,14:6b:9c:f4:04:17,Tue May  2 15:59:24 2023,3c:7d:0a:c0:68:ad,-67,11.8,42:1f:79:8d:85:51
42,43,14:6b:9c:f4:03:f1,Tue May  2 15:59:24 2023,3c:7d:0a:c0:68:ad,-72,18.1,42:1f:79:8d:85:51
43,44,14:6b:9c:f4:04:39,Tue May  2 15:59:24 2023,3c:7d:0a:c0:68:ad,-60,6.5,42:1f:79:8d:85:51
44,45,14:6b:9c:f4:04:17,Tue May  2 15:59:32 2023,3c:7d:0a:c0:68:ad,-65,10.0,42:1f:79:8d:85:51
45,46,14:6b:9c:f4:04:17,Tue May  2 15:59:34 2023,3c:7d:0a:c0:68:ad,-65,10.0,42:1f:79:8d:85:51
46,47,14:6b:9c:f4:03:f1,Tue May  2 15:59:48 2023,3c:7d:0a:c0:68:ad,-70,15.3,42:1f:79:8d:85:51
47,48,14:6b:9c:f4:04:39,Tue May  2 15:59:48 2023,3c:7d:0a:c0:68:ad,-52,3.3,42:1f:79:8d:85:51
48,49,14:6b:9c:f4:03:f1,Tue May  2 15:59:50 2023,3c:7d:0a:c0:68:ad,-70,15.3,42:1f:79:8d:85:51
49,50,14:6b:9c:f4:04:39,Tue May  2 15:59:50 2023,3c:7d:0a:c0:68:ad,-52,3.3,42:1f:79:8d:85:51
50,51,14:6b:9c:f4:04:17,Tue May  2 16:00:02 2023,3c:7d:0a:c0:68:ad,-63,8.4,42:1f:79:8d:85:51
51,52,14:6b:9c:f4:03:f1,Tue May  2 16:00:02 2023,3c:7d:0a:c0:68:ad,-72,18.1,42:1f:79:8d:85:51
52,53,14:6b:9c:f4:04:17,Tue May  2 16:00:04 2023,3c:7d:0a:c0:68:ad,-63,8.4,42:1f:79:8d:85:51
53,54,14:6b:9c:f4:03:f1,Tue May  2 16:00:04 2023,3c:7d:0a:c0:68:ad,-72,18.1,42:1f:79:8d:85:51
54,55,14:6b:9c:f4:04:17,Tue May  2 16:00:06 2023,3c:7d:0a:c0:68:ad,-57,5.0,42:1f:79:8d:85:51
55,56,14:6b:9c:f4:04:17,Tue May  2 16:00:08 2023,3c:7d:0a:c0:68:ad,-57,5.0,42:1f:79:8d:85:51
56,57,14:6b:9c:f4:04:39,Tue May  2 16:00:28 2023,3c:7d:0a:c0:68:ad,-49,2.5,42:1f:79:8d:85:51
57,58,14:6b:9c:f4:04:39,Tue May  2 16:00:30 2023,3c:7d:0a:c0:68:ad,-49,2.5,42:1f:79:8d:85:51
58,59,14:6b:9c:f4:04:17,Tue May  2 16:00:42 2023,3c:7d:0a:c0:68:ad,-60,6.5,42:1f:79:8d:85:51
59,60,14:6b:9c:f4:04:17,Tue May  2 16:00:44 2023,3c:7d:0a:c0:68:ad,-60,6.5,42:1f:79:8d:85:51
60,61,14:6b:9c:f4:04:17,Tue May  2 16:00:46 2023,3c:7d:0a:c0:68:ad,-58,5.5,42:1f:79:8d:85:51
61,62,14:6b:9c:f4:04:17,Tue May  2 16:00:48 2023,3c:7d:0a:c0:68:ad,-58,5.5,42:1f:79:8d:85:51
62,63,14:6b:9c:f4:04:17,Tue May  2 16:00:54 2023,3c:7d:0a:c0:68:ad,-58,5.5,42:1f:79:8d:85:51
63,64,14:6b:9c:f4:04:39,Tue May  2 16:00:54 2023,3c:7d:0a:c0:68:ad,-52,3.3,42:1f:79:8d:85:51
64,65,14:6b:9c:f4:04:17,Tue May  2 16:00:56 2023,3c:7d:0a:c0:68:ad,-65,10.0,42:1f:79:8d:85:51
65,66,14:6b:9c:f4:04:39,Tue May  2 16:00:56 2023,3c:7d:0a:c0:68:ad,-52,3.3,42:1f:79:8d:85:51
66,67,14:6b:9c:f4:04:17,Tue May  2 16:00:58 2023,3c:7d:0a:c0:68:ad,-65,10.0,42:1f:79:8d:85:51
67,68,14:6b:9c:f4:04:39,Tue May  2 16:01:06 2023,3c:7d:0a:c0:68:ad,-50,2.7,42:1f:79:8d:85:51
68,69,14:6b:9c:f4:03:f1,Tue May  2 16:01:08 2023,3c:7d:0a:c0:68:ad,-73,19.7,42:1f:79:8d:85:51
69,70,14:6b:9c:f4:04:17,Tue May  2 16:01:08 2023,3c:7d:0a:c0:68:ad,-68,12.9,42:1f:79:8d:85:51
70,71,14:6b:9c:f4:04:39,Tue May  2 16:01:08 2023,3c:7d:0a:c0:68:ad,-50,2.7,42:1f:79:8d:85:51
71,72,14:6b:9c:f4:03:f1,Tue May  2 16:01:10 2023,3c:7d:0a:c0:68:ad,-73,19.7,42:1f:79:8d:85:51
72,73,14:6b:9c:f4:04:17,Tue May  2 16:01:10 2023,3c:7d:0a:c0:68:ad,-68,12.9,42:1f:79:8d:85:51
73,74,14:6b:9c:f4:04:17,Tue May  2 16:01:18 2023,3c:7d:0a:c0:68:ad,-57,5.0,42:1f:79:8d:85:51
74,75,14:6b:9c:f4:03:f1,Tue May  2 16:01:20 2023,3c:7d:0a:c0:68:ad,-70,15.3,42:1f:79:8d:85:51
75,76,14:6b:9c:f4:04:17,Tue May  2 16:01:20 2023,3c:7d:0a:c0:68:ad,-57,5.0,42:1f:79:8d:85:51
76,77,14:6b:9c:f4:03:f1,Tue May  2 16:01:22 2023,3c:7d:0a:c0:68:ad,-71,16.6,42:1f:79:8d:85:51
77,78,14:6b:9c:f4:04:17,Tue May  2 16:01:22 2023,3c:7d:0a:c0:68:ad,-65,10.0,42:1f:79:8d:85:51
78,79,14:6b:9c:f4:04:39,Tue May  2 16:01:23 2023,3c:7d:0a:c0:68:ad,-52,3.3,42:1f:79:8d:85:51
79,80,14:6b:9c:f4:03:f1,Tue May  2 16:01:24 2023,3c:7d:0a:c0:68:ad,-71,16.6,42:1f:79:8d:85:51
80,81,14:6b:9c:f4:04:17,Tue May  2 16:01:24 2023,3c:7d:0a:c0:68:ad,-65,10.0,42:1f:79:8d:85:51
81,82,14:6b:9c:f4:04:39,Tue May  2 16:01:25 2023,3c:7d:0a:c0:68:ad,-52,3.3,42:1f:79:8d:85:51
82,83,14:6b:9c:f4:04:39,Tue May  2 16:01:27 2023,3c:7d:0a:c0:68:ad,-53,3.5,42:1f:79:8d:85:51
83,84,14:6b:9c:f4:04:39,Tue May  2 16:01:29 2023,3c:7d:0a:c0:68:ad,-53,3.5,42:1f:79:8d:85:51
84,85,14:6b:9c:f4:04:39,Tue May  2 16:01:35 2023,3c:7d:0a:c0:68:ad,-53,3.5,42:1f:79:8d:85:51
85,86,14:6b:9c:f4:03:f1,Tue May  2 16:01:36 2023,3c:7d:0a:c0:68:ad,-80,35.9,42:1f:79:8d:85:51
86,87,14:6b:9c:f4:04:17,Tue May  2 16:01:36 2023,3c:7d:0a:c0:68:ad,-63,8.4,42:1f:79:8d:85:51
87,88,14:6b:9c:f4:04:39,Tue May  2 16:01:37 2023,3c:7d:0a:c0:68:ad,-53,3.5,42:1f:79:8d:85:51
88,89,14:6b:9c:f4:03:f1,Tue May  2 16:01:38 2023,3c:7d:0a:c0:68:ad,-80,35.9,42:1f:79:8d:85:51
89,90,14:6b:9c:f4:04:17,Tue May  2 16:01:38 2023,3c:7d:0a:c0:68:ad,-63,8.4,42:1f:79:8d:85:51
90,91,14:6b:9c:f4:04:17,Tue May  2 16:01:48 2023,3c:7d:0a:c0:68:ad,-80,35.9,42:1f:79:8d:85:51
91,92,14:6b:9c:f4:04:39,Tue May  2 16:01:49 2023,3c:7d:0a:c0:68:ad,-52,3.3,42:1f:79:8d:85:51
92,93,14:6b:9c:f4:04:17,Tue May  2 16:01:50 2023,3c:7d:0a:c0:68:ad,-80,35.9,42:1f:79:8d:85:51
93,94,14:6b:9c:f4:04:39,Tue May  2 16:01:51 2023,3c:7d:0a:c0:68:ad,-52,3.3,42:1f:79:8d:85:51
94,95,14:6b:9c:f4:04:17,Tue May  2 16:01:52 2023,3c:7d:0a:c0:68:ad,-57,5.0,42:1f:79:8d:85:51
95,96,14:6b:9c:f4:03:f1,Tue May  2 16:01:54 2023,3c:7d:0a:c0:68:ad,-74,21.5,42:1f:79:8d:85:51
96,97,14:6b:9c:f4:04:17,Tue May  2 16:01:54 2023,3c:7d:0a:c0:68:ad,-57,5.0,42:1f:79:8d:85:51
97,98,14:6b:9c:f4:03:f1,Tue May  2 16:01:56 2023,3c:7d:0a:c0:68:ad,-74,21.5,42:1f:79:8d:85:51
98,99,14:6b:9c:f4:04:17,Tue May  2 16:01:56 2023,3c:7d:0a:c0:68:ad,-57,5.0,42:1f:79:8d:85:51
99,100,14:6b:9c:f4:04:17,Tue May  2 16:01:58 2023,3c:7d:0a:c0:68:ad,-57,5.0,42:1f:79:8d:85:51
100,101,14:6b:9c:f4:04:39,Tue May  2 16:01:59 2023,3c:7d:0a:c0:68:ad,-49,2.5,42:1f:79:8d:85:51
101,102,14:6b:9c:f4:04:39,Tue May  2 16:02:01 2023,3c:7d:0a:c0:68:ad,-49,2.5,42:1f:79:8d:85:51
102,103,14:6b:9c:f4:03:f1,Tue May  2 16:03:00 2023,3c:7d:0a:c0:68:ad,-75,23.4,42:1f:79:8d:85:51
103,104,14:6b:9c:f4:03:f1,Tue May  2 16:03:02 2023,3c:7d:0a:c0:68:ad,-75,23.4,42:1f:79:8d:85:51
104,105,14:6b:9c:f4:04:17,Tue May  2 16:03:08 2023,3c:7d:0a:c0:68:ad,-59,5.9,42:1f:79:8d:85:51
105,106,14:6b:9c:f4:04:17,Tue May  2 16:03:10 2023,3c:7d:0a:c0:68:ad,-59,5.9,42:1f:79:8d:85:51
106,107,14:6b:9c:f4:04:39,Tue May  2 16:04:39 2023,3c:7d:0a:c0:68:ad,-51,3.0,42:1f:79:8d:85:51
107,108,14:6b:9c:f4:04:17,Tue May  2 20:31:00 2023,3c:7d:0a:c0:68:ad,-62,7.7,42:1f:79:8d:85:51
108,109,14:6b:9c:f4:04:17,Tue May  2 20:31:02 2023,3c:7d:0a:c0:68:ad,-62,7.7,42:1f:79:8d:85:51
109,110,14:6b:9c:f4:03:f1,Tue May  2 20:31:09 2023,3c:7d:0a:c0:68:ad,-57,5.0,42:1f:79:8d:85:51
110,111,14:6b:9c:f4:03:f1,Tue May  2 20:31:11 2023,3c:7d:0a:c0:68:ad,-57,5.0,42:1f:79:8d:85:51
111,112,14:6b:9c:f4:04:39,Tue May  2 20:31:48 2023,3c:7d:0a:c0:68:ad,-69,14.0,42:1f:79:8d:85:51
112,113,14:6b:9c:f4:04:39,Tue May  2 20:31:50 2023,3c:7d:0a:c0:68:ad,-71,16.6,42:1f:79:8d:85:51
113,114,14:6b:9c:f4:03:f1,Tue May  2 20:31:53 2023,3c:7d:0a:c0:68:ad,-56,4.6,42:1f:79:8d:85:51
114,115,14:6b:9c:f4:04:39,Tue May  2 20:31:52 2023,3c:7d:0a:c0:68:ad,-71,16.6,42:1f:79:8d:85:51
115,116,14:6b:9c:f4:04:17,Tue May  2 20:31:54 2023,3c:7d:0a:c0:68:ad,-55,4.2,42:1f:79:8d:85:51
116,117,14:6b:9c:f4:04:39,Tue May  2 20:31:54 2023,3c:7d:0a:c0:68:ad,-71,16.6,42:1f:79:8d:85:51
117,118,14:6b:9c:f4:03:f1,Tue May  2 20:31:55 2023,3c:7d:0a:c0:68:ad,-56,4.6,42:1f:79:8d:85:51
118,119,14:6b:9c:f4:04:17,Tue May  2 20:31:56 2023,3c:7d:0a:c0:68:ad,-55,4.2,42:1f:79:8d:85:51
119,120,14:6b:9c:f4:04:39,Tue May  2 20:31:56 2023,3c:7d:0a:c0:68:ad,-71,16.6,42:1f:79:8d:85:51
120,121,14:6b:9c:f4:03:f1,Tue May  2 20:31:57 2023,3c:7d:0a:c0:68:ad,-55,4.2,42:1f:79:8d:85:51
121,122,14:6b:9c:f4:03:f1,Tue May  2 20:31:59 2023,3c:7d:0a:c0:68:ad,-55,4.2,42:1f:79:8d:85:51
122,123,14:6b:9c:f4:04:39,Tue May  2 20:32:26 2023,3c:7d:0a:c0:68:ad,-71,16.6,42:1f:79:8d:85:51
123,124,14:6b:9c:f4:04:39,Tue May  2 20:32:28 2023,3c:7d:0a:c0:68:ad,-71,16.6,42:1f:79:8d:85:51
124,125,14:6b:9c:f4:04:39,Tue May  2 20:34:08 2023,3c:7d:0a:c0:68:ad,-68,12.9,42:1f:79:8d:85:51
125,126,14:6b:9c:f4:03:f1,Tue May  2 20:34:09 2023,3c:7d:0a:c0:68:ad,-56,4.6,42:1f:79:8d:85:51
126,127,14:6b:9c:f4:04:39,Tue May  2 20:34:10 2023,3c:7d:0a:c0:68:ad,-68,12.9,42:1f:79:8d:85:51
127,128,14:6b:9c:f4:03:f1,Tue May  2 20:34:11 2023,3c:7d:0a:c0:68:ad,-54,3.9,42:1f:79:8d:85:51
128,129,14:6b:9c:f4:04:39,Tue May  2 20:34:12 2023,3c:7d:0a:c0:68:ad,-69,14.0,42:1f:79:8d:85:51
129,130,14:6b:9c:f4:03:f1,Tue May  2 20:34:13 2023,3c:7d:0a:c0:68:ad,-54,3.9,42:1f:79:8d:85:51
130,131,14:6b:9c:f4:04:39,Tue May  2 20:34:14 2023,3c:7d:0a:c0:68:ad,-69,14.0,42:1f:79:8d:85:51
131,132,14:6b:9c:f4:03:f1,Tue May  2 20:34:15 2023,3c:7d:0a:c0:68:ad,-55,4.2,42:1f:79:8d:85:51
132,133,14:6b:9c:f4:04:39,Tue May  2 20:34:16 2023,3c:7d:0a:c0:68:ad,-69,14.0,42:1f:79:8d:85:51
133,134,14:6b:9c:f4:03:f1,Tue May  2 20:34:17 2023,3c:7d:0a:c0:68:ad,-55,4.2,42:1f:79:8d:85:51
134,135,14:6b:9c:f4:03:f1,Tue May  2 20:34:19 2023,3c:7d:0a:c0:68:ad,-55,4.2,42:1f:79:8d:85:51
135,136,14:6b:9c:f4:03:f1,Tue May  2 20:34:21 2023,3c:7d:0a:c0:68:ad,-55,4.2,42:1f:79:8d:85:51
136,137,14:6b:9c:f4:04:17,Tue May  2 20:35:42 2023,3c:7d:0a:c0:68:ad,-56,4.6,42:1f:79:8d:85:51
137,138,14:6b:9c:f4:03:f1,Tue May  2 20:35:43 2023,3c:7d:0a:c0:68:ad,-55,4.2,42:1f:79:8d:85:51
138,139,14:6b:9c:f4:04:17,Tue May  2 20:35:44 2023,3c:7d:0a:c0:68:ad,-56,4.6,42:1f:79:8d:85:51
139,140,14:6b:9c:f4:04:39,Tue May  2 20:35:45 2023,3c:7d:0a:c0:68:ad,-70,15.3,42:1f:79:8d:85:51
140,141,14:6b:9c:f4:03:f1,Tue May  2 20:35:45 2023,3c:7d:0a:c0:68:ad,-56,4.6,42:1f:79:8d:85:51
141,142,14:6b:9c:f4:04:17,Tue May  2 20:35:46 2023,3c:7d:0a:c0:68:ad,-56,4.6,42:1f:79:8d:85:51
142,143,14:6b:9c:f4:04:39,Tue May  2 20:35:47 2023,3c:7d:0a:c0:68:ad,-70,15.3,42:1f:79:8d:85:51
143,144,14:6b:9c:f4:03:f1,Tue May  2 20:35:47 2023,3c:7d:0a:c0:68:ad,-56,4.6,42:1f:79:8d:85:51
144,145,14:6b:9c:f4:04:17,Tue May  2 20:35:48 2023,3c:7d:0a:c0:68:ad,-57,5.0,42:1f:79:8d:85:51
145,146,14:6b:9c:f4:04:17,Tue May  2 20:35:50 2023,3c:7d:0a:c0:68:ad,-57,5.0,42:1f:79:8d:85:51
146,147,14:6b:9c:f4:03:f1,Tue May  2 20:35:59 2023,3c:7d:0a:c0:68:ad,-59,5.9,42:1f:79:8d:85:51
147,148,14:6b:9c:f4:04:39,Tue May  2 20:36:01 2023,3c:7d:0a:c0:68:ad,-70,15.3,42:1f:79:8d:85:51
148,149,14:6b:9c:f4:03:f1,Tue May  2 20:36:01 2023,3c:7d:0a:c0:68:ad,-59,5.9,42:1f:79:8d:85:51
149,150,14:6b:9c:f4:03:f1,Tue May  2 20:36:03 2023,3c:7d:0a:c0:68:ad,-59,5.9,42:1f:79:8d:85:51
150,151,14:6b:9c:f4:04:39,Tue May  2 20:36:11 2023,3c:7d:0a:c0:68:ad,-70,15.3,42:1f:79:8d:85:51
151,152,14:6b:9c:f4:04:17,Tue May  2 20:36:30 2023,3c:7d:0a:c0:68:ad,-57,5.0,42:1f:79:8d:85:51
152,153,14:6b:9c:f4:04:17,Tue May  2 20:36:32 2023,3c:7d:0a:c0:68:ad,-57,5.0,42:1f:79:8d:85:51
153,154,14:6b:9c:f4:04:17,Tue May  2 20:36:56 2023,3c:7d:0a:c0:68:ad,-57,5.0,42:1f:79:8d:85:51
154,155,14:6b:9c:f4:04:39,Tue May  2 20:36:58 2023,3c:7d:0a:c0:68:ad,-68,12.9,42:1f:79:8d:85:51
155,156,14:6b:9c:f4:04:17,Tue May  2 20:36:58 2023,3c:7d:0a:c0:68:ad,-57,5.0,42:1f:79:8d:85:51
156,157,14:6b:9c:f4:04:39,Tue May  2 20:37:00 2023,3c:7d:0a:c0:68:ad,-68,12.9,42:1f:79:8d:85:51
157,158,14:6b:9c:f4:04:17,Tue May  2 20:37:08 2023,3c:7d:0a:c0:68:ad,-57,5.0,42:1f:79:8d:85:51
158,159,14:6b:9c:f4:04:17,Tue May  2 20:37:10 2023,3c:7d:0a:c0:68:ad,-57,5.0,42:1f:79:8d:85:51
159,160,14:6b:9c:f4:03:f1,Tue May  2 20:37:18 2023,3c:7d:0a:c0:68:ad,-57,5.0,42:1f:79:8d:85:51
160,161,14:6b:9c:f4:04:17,Tue May  2 20:37:18 2023,3c:7d:0a:c0:68:ad,-55,4.2,42:1f:79:8d:85:51
161,162,14:6b:9c:f4:03:f1,Tue May  2 20:37:20 2023,3c:7d:0a:c0:68:ad,-56,4.6,42:1f:79:8d:85:51
162,163,14:6b:9c:f4:04:39,Tue May  2 20:37:20 2023,3c:7d:0a:c0:68:ad,-67,11.8,42:1f:79:8d:85:51
163,164,14:6b:9c:f4:04:17,Tue May  2 20:37:20 2023,3c:7d:0a:c0:68:ad,-55,4.2,42:1f:79:8d:85:51
164,165,14:6b:9c:f4:03:f1,Tue May  2 20:37:22 2023,3c:7d:0a:c0:68:ad,-55,4.2,42:1f:79:8d:85:51
165,166,14:6b:9c:f4:04:39,Tue May  2 20:37:22 2023,3c:7d:0a:c0:68:ad,-67,11.8,42:1f:79:8d:85:51
166,167,14:6b:9c:f4:03:f1,Tue May  2 20:37:24 2023,3c:7d:0a:c0:68:ad,-55,4.2,42:1f:79:8d:85:51
167,168,14:6b:9c:f4:03:f1,Tue May  2 20:37:30 2023,3c:7d:0a:c0:68:ad,-55,4.2,42:1f:79:8d:85:51
168,169,14:6b:9c:f4:03:f1,Tue May  2 20:37:32 2023,3c:7d:0a:c0:68:ad,-55,4.2,42:1f:79:8d:85:51
169,170,14:6b:9c:f4:04:39,Tue May  2 20:37:46 2023,3c:7d:0a:c0:68:ad,-69,14.0,42:1f:79:8d:85:51
170,171,14:6b:9c:f4:04:39,Tue May  2 20:37:48 2023,3c:7d:0a:c0:68:ad,-70,15.3,42:1f:79:8d:85:51
171,172,14:6b:9c:f4:04:39,Tue May  2 20:37:50 2023,3c:7d:0a:c0:68:ad,-70,15.3,42:1f:79:8d:85:51
172,173,14:6b:9c:f4:04:17,Tue May  2 20:38:01 2023,3c:7d:0a:c0:68:ad,-57,5.0,42:1f:79:8d:85:51
173,174,14:6b:9c:f4:04:17,Tue May  2 20:38:03 2023,3c:7d:0a:c0:68:ad,-57,5.0,42:1f:79:8d:85:51
174,175,14:6b:9c:f4:04:17,Tue May  2 20:38:17 2023,3c:7d:0a:c0:68:ad,-57,5.0,42:1f:79:8d:85:51
175,176,14:6b:9c:f4:04:17,Tue May  2 20:38:19 2023,3c:7d:0a:c0:68:ad,-57,5.0,42:1f:79:8d:85:51
176,177,14:6b:9c:f4:04:17,Tue May  2 20:38:21 2023,3c:7d:0a:c0:68:ad,-57,5.0,42:1f:79:8d:85:51
177,178,14:6b:9c:f4:04:17,Tue May  2 20:38:23 2023,3c:7d:0a:c0:68:ad,-57,5.0,42:1f:79:8d:85:51
178,179,14:6b:9c:f4:04:39,Tue May  2 20:38:46 2023,3c:7d:0a:c0:68:ad,-69,14.0,42:1f:79:8d:85:51
179,180,14:6b:9c:f4:04:39,Tue May  2 20:38:48 2023,3c:7d:0a:c0:68:ad,-69,14.0,42:1f:79:8d:85:51
180,181,14:6b:9c:f4:04:17,Tue May  2 20:39:09 2023,3c:7d:0a:c0:68:ad,-57,5.0,42:1f:79:8d:85:51
181,182,14:6b:9c:f4:04:39,Tue May  2 20:39:10 2023,3c:7d:0a:c0:68:ad,-69,14.0,42:1f:79:8d:85:51
182,183,14:6b:9c:f4:04:17,Tue May  2 20:39:11 2023,3c:7d:0a:c0:68:ad,-57,5.0,42:1f:79:8d:85:51
183,184,14:6b:9c:f4:04:39,Tue May  2 20:39:12 2023,3c:7d:0a:c0:68:ad,-69,14.0,42:1f:79:8d:85:51
184,185,14:6b:9c:f4:03:f1,Tue May  2 20:42:34 2023,3c:7d:0a:c0:68:ad,-61,7.1,42:1f:79:8d:85:51
185,186,14:6b:9c:f4:04:17,Tue May  2 20:42:33 2023,3c:7d:0a:c0:68:ad,-63,8.4,42:1f:79:8d:85:51
186,187,14:6b:9c:f4:04:39,Tue May  2 20:42:34 2023,3c:7d:0a:c0:68:ad,-70,15.3,42:1f:79:8d:85:51
187,188,14:6b:9c:f4:03:f1,Tue May  2 20:42:36 2023,3c:7d:0a:c0:68:ad,-61,7.1,42:1f:79:8d:85:51
188,189,14:6b:9c:f4:04:17,Tue May  2 20:42:35 2023,3c:7d:0a:c0:68:ad,-63,8.4,42:1f:79:8d:85:51
189,190,14:6b:9c:f4:04:39,Tue May  2 20:42:36 2023,3c:7d:0a:c0:68:ad,-70,15.3,42:1f:79:8d:85:51
190,191,14:6b:9c:f4:03:f1,Tue May  2 20:42:38 2023,3c:7d:0a:c0:68:ad,-56,4.6,42:1f:79:8d:85:51
191,192,14:6b:9c:f4:03:f1,Tue May  2 20:42:40 2023,3c:7d:0a:c0:68:ad,-56,4.6,42:1f:79:8d:85:51
192,193,14:6b:9c:f4:04:17,Tue May  2 20:42:39 2023,3c:7d:0a:c0:68:ad,-60,6.5,42:1f:79:8d:85:51
193,194,14:6b:9c:f4:04:39,Tue May  2 20:42:40 2023,3c:7d:0a:c0:68:ad,-71,16.6,42:1f:79:8d:85:51
194,195,14:6b:9c:f4:04:17,Tue May  2 20:42:41 2023,3c:7d:0a:c0:68:ad,-55,4.2,42:1f:79:8d:85:51
195,196,14:6b:9c:f4:04:39,Tue May  2 20:42:42 2023,3c:7d:0a:c0:68:ad,-71,16.6,42:1f:79:8d:85:51
196,197,14:6b:9c:f4:04:17,Tue May  2 20:42:43 2023,3c:7d:0a:c0:68:ad,-55,4.2,42:1f:79:8d:85:51
197,198,14:6b:9c:f4:04:39,Tue May  2 20:42:48 2023,3c:7d:0a:c0:68:ad,-74,21.5,42:1f:79:8d:85:51
198,199,14:6b:9c:f4:03:f1,Tue May  2 20:42:50 2023,3c:7d:0a:c0:68:ad,-64,9.1,42:1f:79:8d:85:51
199,200,14:6b:9c:f4:04:17,Tue May  2 20:42:49 2023,3c:7d:0a:c0:68:ad,-60,6.5,42:1f:79:8d:85:51
200,201,14:6b:9c:f4:04:39,Tue May  2 20:42:50 2023,3c:7d:0a:c0:68:ad,-72,18.1,42:1f:79:8d:85:51
201,202,14:6b:9c:f4:04:17,Tue May  2 20:42:51 2023,3c:7d:0a:c0:68:ad,-60,6.5,42:1f:79:8d:85:51
202,203,14:6b:9c:f4:03:f1,Tue May  2 20:42:52 2023,3c:7d:0a:c0:68:ad,-64,9.1,42:1f:79:8d:85:51
203,204,14:6b:9c:f4:04:39,Tue May  2 20:42:52 2023,3c:7d:0a:c0:68:ad,-72,18.1,42:1f:79:8d:85:51
204,205,14:6b:9c:f4:04:17,Tue May  2 20:43:01 2023,3c:7d:0a:c0:68:ad,-57,5.0,42:1f:79:8d:85:51
205,206,14:6b:9c:f4:03:f1,Tue May  2 20:43:02 2023,3c:7d:0a:c0:68:ad,-52,3.3,42:1f:79:8d:85:51
206,207,14:6b:9c:f4:04:17,Tue May  2 20:43:03 2023,3c:7d:0a:c0:68:ad,-57,5.0,42:1f:79:8d:85:51
207,208,14:6b:9c:f4:03:f1,Tue May  2 20:43:04 2023,3c:7d:0a:c0:68:ad,-52,3.3,42:1f:79:8d:85:51
208,209,14:6b:9c:f4:04:17,Tue May  2 20:43:05 2023,3c:7d:0a:c0:68:ad,-57,5.0,42:1f:79:8d:85:51
209,210,14:6b:9c:f4:04:17,Tue May  2 20:43:09 2023,3c:7d:0a:c0:68:ad,-56,4.6,42:1f:79:8d:85:51
210,211,14:6b:9c:f4:04:17,Tue May  2 20:43:11 2023,3c:7d:0a:c0:68:ad,-56,4.6,42:1f:79:8d:85:51
211,212,14:6b:9c:f4:04:39,Tue May  2 20:43:16 2023,3c:7d:0a:c0:68:ad,-74,21.5,42:1f:79:8d:85:51
212,213,14:6b:9c:f4:03:f1,Tue May  2 20:43:16 2023,3c:7d:0a:c0:68:ad,-65,10.0,42:1f:79:8d:85:51
213,214,14:6b:9c:f4:04:39,Tue May  2 20:43:18 2023,3c:7d:0a:c0:68:ad,-74,21.5,42:1f:79:8d:85:51
214,215,14:6b:9c:f4:03:f1,Tue May  2 20:43:18 2023,3c:7d:0a:c0:68:ad,-65,10.0,42:1f:79:8d:85:51
215,216,14:6b:9c:f4:04:17,Tue May  2 20:43:25 2023,3c:7d:0a:c0:68:ad,-58,5.5,42:1f:79:8d:85:51
216,217,14:6b:9c:f4:03:f1,Tue May  2 20:43:26 2023,3c:7d:0a:c0:68:ad,-58,5.5,42:1f:79:8d:85:51
217,218,14:6b:9c:f4:04:17,Tue May  2 20:43:27 2023,3c:7d:0a:c0:68:ad,-58,5.5,42:1f:79:8d:85:51
218,219,14:6b:9c:f4:03:f1,Tue May  2 20:43:28 2023,3c:7d:0a:c0:68:ad,-56,4.6,42:1f:79:8d:85:51
219,220,14:6b:9c:f4:04:17,Tue May  2 20:43:29 2023,3c:7d:0a:c0:68:ad,-59,5.9,42:1f:79:8d:85:51
220,221,14:6b:9c:f4:04:39,Tue May  2 20:43:30 2023,3c:7d:0a:c0:68:ad,-70,15.3,42:1f:79:8d:85:51
221,222,14:6b:9c:f4:03:f1,Tue May  2 20:43:30 2023,3c:7d:0a:c0:68:ad,-72,18.1,42:1f:79:8d:85:51
222,223,14:6b:9c:f4:04:17,Tue May  2 20:43:31 2023,3c:7d:0a:c0:68:ad,-59,5.9,42:1f:79:8d:85:51
223,224,14:6b:9c:f4:03:f1,Tue May  2 20:43:32 2023,3c:7d:0a:c0:68:ad,-72,18.1,42:1f:79:8d:85:51
224,225,14:6b:9c:f4:04:39,Tue May  2 20:43:32 2023,3c:7d:0a:c0:68:ad,-70,15.3,42:1f:79:8d:85:51
225,226,14:6b:9c:f4:04:39,Tue May  2 20:43:34 2023,3c:7d:0a:c0:68:ad,-70,15.3,42:1f:79:8d:85:51
226,227,14:6b:9c:f4:04:39,Tue May  2 20:43:38 2023,3c:7d:0a:c0:68:ad,-68,12.9,42:1f:79:8d:85:51
227,228,14:6b:9c:f4:03:f1,Tue May  2 20:43:40 2023,3c:7d:0a:c0:68:ad,-57,5.0,42:1f:79:8d:85:51
228,229,14:6b:9c:f4:04:39,Tue May  2 20:43:40 2023,3c:7d:0a:c0:68:ad,-68,12.9,42:1f:79:8d:85:51
229,230,14:6b:9c:f4:03:f1,Tue May  2 20:43:42 2023,3c:7d:0a:c0:68:ad,-57,5.0,42:1f:79:8d:85:51
230,231,14:6b:9c:f4:04:17,Tue May  2 20:43:43 2023,3c:7d:0a:c0:68:ad,-63,8.4,42:1f:79:8d:85:51
231,232,14:6b:9c:f4:04:17,Tue May  2 20:43:45 2023,3c:7d:0a:c0:68:ad,-63,8.4,42:1f:79:8d:85:51
232,233,14:6b:9c:f4:04:39,Tue May  2 20:43:48 2023,3c:7d:0a:c0:68:ad,-67,11.8,42:1f:79:8d:85:51
233,234,14:6b:9c:f4:04:39,Tue May  2 20:43:50 2023,3c:7d:0a:c0:68:ad,-67,11.8,42:1f:79:8d:85:51
234,235,14:6b:9c:f4:04:39,Tue May  2 21:08:42 2023,3c:7d:0a:c0:68:ad,-73,19.7,42:1f:79:8d:85:51
235,236,14:6b:9c:f4:04:17,Tue May  2 21:08:43 2023,3c:7d:0a:c0:68:ad,-58,5.5,42:1f:79:8d:85:51
236,237,14:6b:9c:f4:03:f1,Tue May  2 21:08:44 2023,3c:7d:0a:c0:68:ad,-68,12.9,42:1f:79:8d:85:51
237,238,14:6b:9c:f4:04:39,Tue May  2 21:08:44 2023,3c:7d:0a:c0:68:ad,-73,19.7,42:1f:79:8d:85:51
238,239,14:6b:9c:f4:04:17,Tue May  2 21:08:45 2023,3c:7d:0a:c0:68:ad,-58,5.5,42:1f:79:8d:85:51
239,240,14:6b:9c:f4:03:f1,Tue May  2 21:08:50 2023,3c:7d:0a:c0:68:ad,-63,8.4,42:1f:79:8d:85:51
240,241,14:6b:9c:f4:03:f1,Tue May  2 21:08:52 2023,3c:7d:0a:c0:68:ad,-63,8.4,42:1f:79:8d:85:51
241,242,14:6b:9c:f4:04:39,Tue May  2 21:08:56 2023,3c:7d:0a:c0:68:ad,-74,21.5,42:1f:79:8d:85:51
242,243,14:6b:9c:f4:03:f1,Tue May  2 21:08:56 2023,3c:7d:0a:c0:68:ad,-77,27.8,42:1f:79:8d:85:51
243,244,14:6b:9c:f4:04:17,Tue May  2 21:08:57 2023,3c:7d:0a:c0:68:ad,-61,7.1,42:1f:79:8d:85:51
244,245,14:6b:9c:f4:04:39,Tue May  2 21:08:58 2023,3c:7d:0a:c0:68:ad,-74,21.5,42:1f:79:8d:85:51
245,246,14:6b:9c:f4:04:17,Tue May  2 21:08:59 2023,3c:7d:0a:c0:68:ad,-61,7.1,42:1f:79:8d:85:51
246,247,14:6b:9c:f4:04:39,Tue May  2 21:09:10 2023,3c:7d:0a:c0:68:ad,-70,15.3,42:1f:79:8d:85:51
247,248,14:6b:9c:f4:03:f1,Tue May  2 21:09:11 2023,3c:7d:0a:c0:68:ad,-72,18.1,42:1f:79:8d:85:51
248,249,14:6b:9c:f4:04:17,Tue May  2 21:09:11 2023,3c:7d:0a:c0:68:ad,-67,11.8,42:1f:79:8d:85:51
249,250,14:6b:9c:f4:04:39,Tue May  2 21:09:12 2023,3c:7d:0a:c0:68:ad,-70,15.3,42:1f:79:8d:85:51
250,251,14:6b:9c:f4:04:17,Tue May  2 21:09:13 2023,3c:7d:0a:c0:68:ad,-67,11.8,42:1f:79:8d:85:51
251,252,14:6b:9c:f4:03:f1,Tue May  2 21:09:13 2023,3c:7d:0a:c0:68:ad,-72,18.1,42:1f:79:8d:85:51
252,253,14:6b:9c:f4:04:39,Tue May  2 21:09:22 2023,3c:7d:0a:c0:68:ad,-76,25.5,42:1f:79:8d:85:51
253,254,14:6b:9c:f4:03:f1,Tue May  2 21:09:23 2023,3c:7d:0a:c0:68:ad,-77,27.8,42:1f:79:8d:85:51
254,255,14:6b:9c:f4:04:17,Tue May  2 21:09:23 2023,3c:7d:0a:c0:68:ad,-66,10.8,42:1f:79:8d:85:51
255,256,14:6b:9c:f4:04:39,Tue May  2 21:09:24 2023,3c:7d:0a:c0:68:ad,-76,25.5,42:1f:79:8d:85:51
256,257,14:6b:9c:f4:04:17,Tue May  2 21:09:25 2023,3c:7d:0a:c0:68:ad,-66,10.8,42:1f:79:8d:85:51
257,258,14:6b:9c:f4:03:f1,Tue May  2 21:09:25 2023,3c:7d:0a:c0:68:ad,-77,27.8,42:1f:79:8d:85:51
258,259,14:6b:9c:f4:04:17,Tue May  2 21:09:31 2023,3c:7d:0a:c0:68:ad,-60,6.5,42:1f:79:8d:85:51
259,260,14:6b:9c:f4:03:f1,Tue May  2 21:09:33 2023,3c:7d:0a:c0:68:ad,-64,9.1,42:1f:79:8d:85:51
260,261,14:6b:9c:f4:04:17,Tue May  2 21:09:33 2023,3c:7d:0a:c0:68:ad,-60,6.5,42:1f:79:8d:85:51
261,262,14:6b:9c:f4:04:39,Tue May  2 21:09:36 2023,3c:7d:0a:c0:68:ad,-70,15.3,42:1f:79:8d:85:51
262,263,14:6b:9c:f4:04:17,Tue May  2 21:09:37 2023,3c:7d:0a:c0:68:ad,-65,10.0,42:1f:79:8d:85:51
263,264,14:6b:9c:f4:03:f1,Tue May  2 21:09:37 2023,3c:7d:0a:c0:68:ad,-67,11.8,42:1f:79:8d:85:51
264,265,14:6b:9c:f4:04:39,Tue May  2 21:09:38 2023,3c:7d:0a:c0:68:ad,-70,15.3,42:1f:79:8d:85:51
265,266,14:6b:9c:f4:03:f1,Tue May  2 21:09:39 2023,3c:7d:0a:c0:68:ad,-67,11.8,42:1f:79:8d:85:51
266,267,14:6b:9c:f4:04:17,Tue May  2 21:09:39 2023,3c:7d:0a:c0:68:ad,-65,10.0,42:1f:79:8d:85:51
267,268,14:6b:9c:f4:04:39,Tue May  2 21:09:50 2023,3c:7d:0a:c0:68:ad,-65,10.0,42:1f:79:8d:85:51
268,269,14:6b:9c:f4:03:f1,Tue May  2 21:09:51 2023,3c:7d:0a:c0:68:ad,-68,12.9,42:1f:79:8d:85:51
269,270,14:6b:9c:f4:04:17,Tue May  2 21:09:51 2023,3c:7d:0a:c0:68:ad,-62,7.7,42:1f:79:8d:85:51
270,271,14:6b:9c:f4:04:39,Tue May  2 21:09:52 2023,3c:7d:0a:c0:68:ad,-72,18.1,42:1f:79:8d:85:51
271,272,14:6b:9c:f4:04:17,Tue May  2 21:09:53 2023,3c:7d:0a:c0:68:ad,-62,7.7,42:1f:79:8d:85:51
272,273,14:6b:9c:f4:03:f1,Tue May  2 21:09:53 2023,3c:7d:0a:c0:68:ad,-68,12.9,42:1f:79:8d:85:51
273,274,14:6b:9c:f4:04:39,Tue May  2 21:09:54 2023,3c:7d:0a:c0:68:ad,-72,18.1,42:1f:79:8d:85:51
274,275,14:6b:9c:f4:04:39,Tue May  2 21:10:04 2023,3c:7d:0a:c0:68:ad,-79,33.0,42:1f:79:8d:85:51
275,276,14:6b:9c:f4:03:f1,Tue May  2 21:10:05 2023,3c:7d:0a:c0:68:ad,-74,21.5,42:1f:79:8d:85:51
276,277,14:6b:9c:f4:04:17,Tue May  2 21:10:05 2023,3c:7d:0a:c0:68:ad,-66,10.8,42:1f:79:8d:85:51
277,278,14:6b:9c:f4:04:39,Tue May  2 21:10:06 2023,3c:7d:0a:c0:68:ad,-79,33.0,42:1f:79:8d:85:51
278,279,14:6b:9c:f4:03:f1,Tue May  2 21:10:07 2023,3c:7d:0a:c0:68:ad,-74,21.5,42:1f:79:8d:85:51
279,280,14:6b:9c:f4:04:17,Tue May  2 21:10:07 2023,3c:7d:0a:c0:68:ad,-66,10.8,42:1f:79:8d:85:51
280,281,14:6b:9c:f4:03:f1,Tue May  2 21:10:17 2023,3c:7d:0a:c0:68:ad,-79,33.0,42:1f:79:8d:85:51
281,282,14:6b:9c:f4:04:17,Tue May  2 21:10:17 2023,3c:7d:0a:c0:68:ad,-62,7.7,42:1f:79:8d:85:51
282,283,14:6b:9c:f4:04:39,Tue May  2 21:10:18 2023,3c:7d:0a:c0:68:ad,-66,10.8,42:1f:79:8d:85:51
283,284,14:6b:9c:f4:03:f1,Tue May  2 21:10:19 2023,3c:7d:0a:c0:68:ad,-79,33.0,42:1f:79:8d:85:51
284,285,14:6b:9c:f4:04:17,Tue May  2 21:10:19 2023,3c:7d:0a:c0:68:ad,-62,7.7,42:1f:79:8d:85:51
285,286,14:6b:9c:f4:04:39,Tue May  2 21:10:20 2023,3c:7d:0a:c0:68:ad,-66,10.8,42:1f:79:8d:85:51
286,287,14:6b:9c:f4:04:39,Tue May  2 21:10:30 2023,3c:7d:0a:c0:68:ad,-66,10.8,42:1f:79:8d:85:51
287,288,14:6b:9c:f4:03:f1,Tue May  2 21:10:31 2023,3c:7d:0a:c0:68:ad,-79,33.0,42:1f:79:8d:85:51
288,289,14:6b:9c:f4:04:39,Tue May  2 21:10:32 2023,3c:7d:0a:c0:68:ad,-66,10.8,42:1f:79:8d:85:51
289,290,14:6b:9c:f4:03:f1,Tue May  2 21:10:33 2023,3c:7d:0a:c0:68:ad,-79,33.0,42:1f:79:8d:85:51
290,291,14:6b:9c:f4:04:39,Tue May  2 21:10:44 2023,3c:7d:0a:c0:68:ad,-72,18.1,42:1f:79:8d:85:51
291,292,14:6b:9c:f4:03:f1,Tue May  2 21:10:45 2023,3c:7d:0a:c0:68:ad,-65,10.0,42:1f:79:8d:85:51
292,293,14:6b:9c:f4:04:17,Tue May  2 21:10:45 2023,3c:7d:0a:c0:68:ad,-77,27.8,42:1f:79:8d:85:51
293,294,14:6b:9c:f4:04:39,Tue May  2 21:10:46 2023,3c:7d:0a:c0:68:ad,-72,18.1,42:1f:79:8d:85:51
294,295,14:6b:9c:f4:03:f1,Tue May  2 21:10:47 2023,3c:7d:0a:c0:68:ad,-65,10.0,42:1f:79:8d:85:51
295,296,14:6b:9c:f4:04:17,Tue May  2 21:10:47 2023,3c:7d:0a:c0:68:ad,-77,27.8,42:1f:79:8d:85:51
296,297,14:6b:9c:f4:03:f1,Tue May  2 21:10:57 2023,3c:7d:0a:c0:68:ad,-64,9.1,42:1f:79:8d:85:51
297,298,14:6b:9c:f4:04:17,Tue May  2 21:10:57 2023,3c:7d:0a:c0:68:ad,-60,6.5,42:1f:79:8d:85:51
298,299,14:6b:9c:f4:03:f1,Tue May  2 21:10:59 2023,3c:7d:0a:c0:68:ad,-64,9.1,42:1f:79:8d:85:51
299,300,14:6b:9c:f4:04:17,Tue May  2 21:10:59 2023,3c:7d:0a:c0:68:ad,-60,6.5,42:1f:79:8d:85:51
300,301,14:6b:9c:f4:03:f1,Tue May  2 21:11:11 2023,3c:7d:0a:c0:68:ad,-77,27.8,42:1f:79:8d:85:51
301,302,14:6b:9c:f4:04:17,Tue May  2 21:11:11 2023,3c:7d:0a:c0:68:ad,-64,9.1,42:1f:79:8d:85:51
302,303,14:6b:9c:f4:04:39,Tue May  2 21:11:12 2023,3c:7d:0a:c0:68:ad,-69,14.0,42:1f:79:8d:85:51
303,304,14:6b:9c:f4:03:f1,Tue May  2 21:11:13 2023,3c:7d:0a:c0:68:ad,-74,21.5,42:1f:79:8d:85:51
304,305,14:6b:9c:f4:04:17,Tue May  2 21:11:13 2023,3c:7d:0a:c0:68:ad,-64,9.1,42:1f:79:8d:85:51
305,306,14:6b:9c:f4:04:39,Tue May  2 21:11:14 2023,3c:7d:0a:c0:68:ad,-78,30.3,42:1f:79:8d:85:51
306,307,14:6b:9c:f4:03:f1,Tue May  2 21:11:15 2023,3c:7d:0a:c0:68:ad,-74,21.5,42:1f:79:8d:85:51
307,308,14:6b:9c:f4:04:17,Tue May  2 21:11:15 2023,3c:7d:0a:c0:68:ad,-63,8.4,42:1f:79:8d:85:51
308,309,14:6b:9c:f4:04:39,Tue May  2 21:11:16 2023,3c:7d:0a:c0:68:ad,-81,39.1,42:1f:79:8d:85:51
309,310,14:6b:9c:f4:03:f1,Tue May  2 21:11:17 2023,3c:7d:0a:c0:68:ad,-62,7.7,42:1f:79:8d:85:51
310,311,14:6b:9c:f4:04:17,Tue May  2 21:11:17 2023,3c:7d:0a:c0:68:ad,-63,8.4,42:1f:79:8d:85:51
311,312,14:6b:9c:f4:04:39,Tue May  2 21:11:18 2023,3c:7d:0a:c0:68:ad,-81,39.1,42:1f:79:8d:85:51
312,313,14:6b:9c:f4:03:f1,Tue May  2 21:11:19 2023,3c:7d:0a:c0:68:ad,-62,7.7,42:1f:79:8d:85:51
313,314,14:6b:9c:f4:04:39,Tue May  2 21:11:22 2023,3c:7d:0a:c0:68:ad,-71,16.6,42:1f:79:8d:85:51
314,315,14:6b:9c:f4:03:f1,Tue May  2 21:11:23 2023,3c:7d:0a:c0:68:ad,-65,10.0,42:1f:79:8d:85:51
315,316,14:6b:9c:f4:04:39,Tue May  2 21:11:24 2023,3c:7d:0a:c0:68:ad,-71,16.6,42:1f:79:8d:85:51
316,317,14:6b:9c:f4:03:f1,Tue May  2 21:11:25 2023,3c:7d:0a:c0:68:ad,-63,8.4,42:1f:79:8d:85:51
317,318,14:6b:9c:f4:04:17,Tue May  2 21:11:25 2023,3c:7d:0a:c0:68:ad,-59,5.9,42:1f:79:8d:85:51
318,319,14:6b:9c:f4:04:39,Tue May  2 21:11:26 2023,3c:7d:0a:c0:68:ad,-75,23.4,42:1f:79:8d:85:51
319,320,14:6b:9c:f4:03:f1,Tue May  2 21:11:27 2023,3c:7d:0a:c0:68:ad,-63,8.4,42:1f:79:8d:85:51
320,321,14:6b:9c:f4:04:17,Tue May  2 21:11:27 2023,3c:7d:0a:c0:68:ad,-59,5.9,42:1f:79:8d:85:51
321,322,14:6b:9c:f4:04:39,Tue May  2 21:11:28 2023,3c:7d:0a:c0:68:ad,-75,23.4,42:1f:79:8d:85:51
322,323,14:6b:9c:f4:03:f1,Tue May  2 21:11:37 2023,3c:7d:0a:c0:68:ad,-75,23.4,42:1f:79:8d:85:51
323,324,14:6b:9c:f4:04:17,Tue May  2 21:11:37 2023,3c:7d:0a:c0:68:ad,-61,7.1,42:1f:79:8d:85:51
324,325,14:6b:9c:f4:04:39,Tue May  2 21:11:38 2023,3c:7d:0a:c0:68:ad,-71,16.6,42:1f:79:8d:85:51
325,326,14:6b:9c:f4:04:17,Tue May  2 21:11:39 2023,3c:7d:0a:c0:68:ad,-61,7.1,42:1f:79:8d:85:51
326,327,14:6b:9c:f4:04:39,Tue May  2 21:11:40 2023,3c:7d:0a:c0:68:ad,-71,16.6,42:1f:79:8d:85:51
327,328,14:6b:9c:f4:03:f1,Tue May  2 21:11:57 2023,3c:7d:0a:c0:68:ad,-66,10.8,42:1f:79:8d:85:51
328,329,14:6b:9c:f4:03:f1,Tue May  2 21:11:59 2023,3c:7d:0a:c0:68:ad,-66,10.8,42:1f:79:8d:85:51
329,330,14:6b:9c:f4:03:f1,Tue May  2 21:12:05 2023,3c:7d:0a:c0:68:ad,-71,16.6,42:1f:79:8d:85:51
330,331,14:6b:9c:f4:04:17,Tue May  2 21:12:05 2023,3c:7d:0a:c0:68:ad,-63,8.4,42:1f:79:8d:85:51
331,332,14:6b:9c:f4:03:f1,Tue May  2 21:12:07 2023,3c:7d:0a:c0:68:ad,-71,16.6,42:1f:79:8d:85:51
332,333,14:6b:9c:f4:04:17,Tue May  2 21:12:07 2023,3c:7d:0a:c0:68:ad,-63,8.4,42:1f:79:8d:85:51
333,334,14:6b:9c:f4:03:f1,Tue May  2 21:12:19 2023,3c:7d:0a:c0:68:ad,-66,10.8,42:1f:79:8d:85:51
334,335,14:6b:9c:f4:03:f1,Tue May  2 21:12:21 2023,3c:7d:0a:c0:68:ad,-66,10.8,42:1f:79:8d:85:51
335,336,14:6b:9c:f4:04:39,Tue May  2 21:12:32 2023,3c:7d:0a:c0:68:ad,-72,18.1,42:1f:79:8d:85:51
336,337,14:6b:9c:f4:04:39,Tue May  2 21:12:34 2023,3c:7d:0a:c0:68:ad,-72,18.1,42:1f:79:8d:85:51
337,338,14:6b:9c:f4:04:39,Tue May  2 21:12:38 2023,3c:7d:0a:c0:68:ad,-74,21.5,42:1f:79:8d:85:51
338,339,14:6b:9c:f4:04:39,Tue May  2 21:12:40 2023,3c:7d:0a:c0:68:ad,-74,21.5,42:1f:79:8d:85:51
339,340,14:6b:9c:f4:04:39,Tue May  2 21:12:44 2023,3c:7d:0a:c0:68:ad,-64,9.1,42:1f:79:8d:85:51
340,341,14:6b:9c:f4:03:f1,Tue May  2 21:12:45 2023,3c:7d:0a:c0:68:ad,-64,9.1,42:1f:79:8d:85:51
341,342,14:6b:9c:f4:04:17,Tue May  2 21:12:46 2023,3c:7d:0a:c0:68:ad,-62,7.7,42:1f:79:8d:85:51
342,343,14:6b:9c:f4:04:39,Tue May  2 21:12:46 2023,3c:7d:0a:c0:68:ad,-64,9.1,42:1f:79:8d:85:51
343,344,14:6b:9c:f4:03:f1,Tue May  2 21:12:47 2023,3c:7d:0a:c0:68:ad,-64,9.1,42:1f:79:8d:85:51
344,345,14:6b:9c:f4:04:17,Tue May  2 21:12:48 2023,3c:7d:0a:c0:68:ad,-58,5.5,42:1f:79:8d:85:51
345,346,14:6b:9c:f4:04:17,Tue May  2 21:12:50 2023,3c:7d:0a:c0:68:ad,-58,5.5,42:1f:79:8d:85:51
346,347,14:6b:9c:f4:03:f1,Tue May  2 21:12:57 2023,3c:7d:0a:c0:68:ad,-63,8.4,42:1f:79:8d:85:51
347,348,14:6b:9c:f4:03:f1,Tue May  2 21:12:59 2023,3c:7d:0a:c0:68:ad,-63,8.4,42:1f:79:8d:85:51
348,349,14:6b:9c:f4:04:17,Tue May  2 21:13:10 2023,3c:7d:0a:c0:68:ad,-60,6.5,42:1f:79:8d:85:51
349,350,14:6b:9c:f4:03:f1,Tue May  2 21:13:11 2023,3c:7d:0a:c0:68:ad,-64,9.1,42:1f:79:8d:85:51
350,351,14:6b:9c:f4:04:17,Tue May  2 21:13:12 2023,3c:7d:0a:c0:68:ad,-60,6.5,42:1f:79:8d:85:51
351,352,14:6b:9c:f4:03:f1,Tue May  2 21:13:13 2023,3c:7d:0a:c0:68:ad,-64,9.1,42:1f:79:8d:85:51
352,353,14:6b:9c:f4:04:17,Tue May  2 21:13:24 2023,3c:7d:0a:c0:68:ad,-64,9.1,42:1f:79:8d:85:51
353,354,14:6b:9c:f4:04:39,Tue May  2 21:13:24 2023,3c:7d:0a:c0:68:ad,-68,12.9,42:1f:79:8d:85:51
354,355,14:6b:9c:f4:04:17,Tue May  2 21:13:26 2023,3c:7d:0a:c0:68:ad,-64,9.1,42:1f:79:8d:85:51
355,356,14:6b:9c:f4:04:39,Tue May  2 21:13:26 2023,3c:7d:0a:c0:68:ad,-68,12.9,42:1f:79:8d:85:51
356,357,14:6b:9c:f4:04:39,Tue May  2 21:13:30 2023,3c:7d:0a:c0:68:ad,-70,15.3,42:1f:79:8d:85:51
357,358,14:6b:9c:f4:04:17,Tue May  2 21:13:32 2023,3c:7d:0a:c0:68:ad,-60,6.5,42:1f:79:8d:85:51
358,359,14:6b:9c:f4:04:39,Tue May  2 21:13:32 2023,3c:7d:0a:c0:68:ad,-70,15.3,42:1f:79:8d:85:51
359,360,14:6b:9c:f4:04:17,Tue May  2 21:13:34 2023,3c:7d:0a:c0:68:ad,-60,6.5,42:1f:79:8d:85:51
360,361,14:6b:9c:f4:04:39,Tue May  2 21:13:36 2023,3c:7d:0a:c0:68:ad,-80,35.9,42:1f:79:8d:85:51
361,362,14:6b:9c:f4:03:f1,Tue May  2 21:13:37 2023,3c:7d:0a:c0:68:ad,-61,7.1,42:1f:79:8d:85:51
362,363,14:6b:9c:f4:04:17,Tue May  2 21:13:38 2023,3c:7d:0a:c0:68:ad,-62,7.7,42:1f:79:8d:85:51
363,364,14:6b:9c:f4:04:39,Tue May  2 21:13:38 2023,3c:7d:0a:c0:68:ad,-69,14.0,42:1f:79:8d:85:51
364,365,14:6b:9c:f4:03:f1,Tue May  2 21:13:39 2023,3c:7d:0a:c0:68:ad,-61,7.1,42:1f:79:8d:85:51
365,366,14:6b:9c:f4:04:17,Tue May  2 21:13:40 2023,3c:7d:0a:c0:68:ad,-58,5.5,42:1f:79:8d:85:51
366,367,14:6b:9c:f4:04:39,Tue May  2 21:13:40 2023,3c:7d:0a:c0:68:ad,-69,14.0,42:1f:79:8d:85:51
367,368,14:6b:9c:f4:03:f1,Tue May  2 21:13:41 2023,3c:7d:0a:c0:68:ad,-64,9.1,42:1f:79:8d:85:51
368,369,14:6b:9c:f4:04:17,Tue May  2 21:13:42 2023,3c:7d:0a:c0:68:ad,-58,5.5,42:1f:79:8d:85:51
369,370,14:6b:9c:f4:03:f1,Tue May  2 21:13:43 2023,3c:7d:0a:c0:68:ad,-64,9.1,42:1f:79:8d:85:51
370,371,14:6b:9c:f4:04:17,Tue May  2 21:13:50 2023,3c:7d:0a:c0:68:ad,-63,8.4,42:1f:79:8d:85:51
371,372,14:6b:9c:f4:04:39,Tue May  2 21:13:50 2023,3c:7d:0a:c0:68:ad,-72,18.1,42:1f:79:8d:85:51
372,373,14:6b:9c:f4:03:f1,Tue May  2 21:13:51 2023,3c:7d:0a:c0:68:ad,-64,9.1,42:1f:79:8d:85:51
373,374,14:6b:9c:f4:04:17,Tue May  2 21:13:52 2023,3c:7d:0a:c0:68:ad,-63,8.4,42:1f:79:8d:85:51
374,375,14:6b:9c:f4:04:39,Tue May  2 21:13:52 2023,3c:7d:0a:c0:68:ad,-72,18.1,42:1f:79:8d:85:51
375,376,14:6b:9c:f4:03:f1,Tue May  2 21:13:53 2023,3c:7d:0a:c0:68:ad,-62,7.7,42:1f:79:8d:85:51
376,377,14:6b:9c:f4:04:17,Tue May  2 21:13:54 2023,3c:7d:0a:c0:68:ad,-58,5.5,42:1f:79:8d:85:51
377,378,14:6b:9c:f4:04:39,Tue May  2 21:13:54 2023,3c:7d:0a:c0:68:ad,-72,18.1,42:1f:79:8d:85:51
378,379,14:6b:9c:f4:03:f1,Tue May  2 21:13:55 2023,3c:7d:0a:c0:68:ad,-62,7.7,42:1f:79:8d:85:51
379,380,14:6b:9c:f4:04:17,Tue May  2 21:13:56 2023,3c:7d:0a:c0:68:ad,-58,5.5,42:1f:79:8d:85:51
380,381,14:6b:9c:f4:04:17,Tue May  2 21:14:04 2023,3c:7d:0a:c0:68:ad,-58,5.5,42:1f:79:8d:85:51
381,382,14:6b:9c:f4:04:17,Tue May  2 21:14:06 2023,3c:7d:0a:c0:68:ad,-58,5.5,42:1f:79:8d:85:51
382,383,14:6b:9c:f4:04:17,Tue May  2 21:14:16 2023,3c:7d:0a:c0:68:ad,-59,5.9,42:1f:79:8d:85:51
383,384,14:6b:9c:f4:03:f1,Tue May  2 21:14:17 2023,3c:7d:0a:c0:68:ad,-62,7.7,42:1f:79:8d:85:51
384,385,14:6b:9c:f4:04:17,Tue May  2 21:14:18 2023,3c:7d:0a:c0:68:ad,-59,5.9,42:1f:79:8d:85:51
385,386,14:6b:9c:f4:03:f1,Tue May  2 21:14:19 2023,3c:7d:0a:c0:68:ad,-64,9.1,42:1f:79:8d:85:51
386,387,14:6b:9c:f4:04:17,Tue May  2 21:14:20 2023,3c:7d:0a:c0:68:ad,-58,5.5,42:1f:79:8d:85:51
387,388,14:6b:9c:f4:03:f1,Tue May  2 21:14:21 2023,3c:7d:0a:c0:68:ad,-64,9.1,42:1f:79:8d:85:51
388,389,14:6b:9c:f4:04:17,Tue May  2 21:14:22 2023,3c:7d:0a:c0:68:ad,-56,4.6,42:1f:79:8d:85:51
389,390,14:6b:9c:f4:03:f1,Tue May  2 21:14:23 2023,3c:7d:0a:c0:68:ad,-71,16.6,42:1f:79:8d:85:51
390,391,14:6b:9c:f4:04:17,Tue May  2 21:14:24 2023,3c:7d:0a:c0:68:ad,-56,4.6,42:1f:79:8d:85:51
391,392,14:6b:9c:f4:03:f1,Tue May  2 21:14:25 2023,3c:7d:0a:c0:68:ad,-71,16.6,42:1f:79:8d:85:51
392,393,14:6b:9c:f4:04:17,Tue May  2 21:14:30 2023,3c:7d:0a:c0:68:ad,-65,10.0,42:1f:79:8d:85:51
393,394,14:6b:9c:f4:03:f1,Tue May  2 21:14:31 2023,3c:7d:0a:c0:68:ad,-62,7.7,42:1f:79:8d:85:51
394,395,14:6b:9c:f4:04:17,Tue May  2 21:14:32 2023,3c:7d:0a:c0:68:ad,-65,10.0,42:1f:79:8d:85:51
395,396,14:6b:9c:f4:03:f1,Tue May  2 21:14:33 2023,3c:7d:0a:c0:68:ad,-62,7.7,42:1f:79:8d:85:51
396,397,14:6b:9c:f4:03:f1,Tue May  2 21:14:35 2023,3c:7d:0a:c0:68:ad,-63,8.4,42:1f:79:8d:85:51
397,398,14:6b:9c:f4:04:17,Tue May  2 21:14:36 2023,3c:7d:0a:c0:68:ad,-59,5.9,42:1f:79:8d:85:51
398,399,14:6b:9c:f4:03:f1,Tue May  2 21:14:37 2023,3c:7d:0a:c0:68:ad,-63,8.4,42:1f:79:8d:85:51
399,400,14:6b:9c:f4:04:17,Tue May  2 21:14:38 2023,3c:7d:0a:c0:68:ad,-59,5.9,42:1f:79:8d:85:51
400,401,14:6b:9c:f4:04:17,Tue May  2 21:14:42 2023,3c:7d:0a:c0:68:ad,-62,7.7,42:1f:79:8d:85:51
401,402,14:6b:9c:f4:04:39,Tue May  2 21:14:43 2023,3c:7d:0a:c0:68:ad,-70,15.3,42:1f:79:8d:85:51
402,403,14:6b:9c:f4:03:f1,Tue May  2 21:14:43 2023,3c:7d:0a:c0:68:ad,-70,15.3,42:1f:79:8d:85:51
403,404,14:6b:9c:f4:04:17,Tue May  2 21:14:44 2023,3c:7d:0a:c0:68:ad,-62,7.7,42:1f:79:8d:85:51
404,405,14:6b:9c:f4:04:39,Tue May  2 21:14:45 2023,3c:7d:0a:c0:68:ad,-70,15.3,42:1f:79:8d:85:51
405,406,14:6b:9c:f4:03:f1,Tue May  2 21:14:45 2023,3c:7d:0a:c0:68:ad,-70,15.3,42:1f:79:8d:85:51
406,407,14:6b:9c:f4:04:17,Tue May  2 21:15:10 2023,3c:7d:0a:c0:68:ad,-68,12.9,42:1f:79:8d:85:51
407,408,14:6b:9c:f4:04:39,Tue May  2 21:15:11 2023,3c:7d:0a:c0:68:ad,-63,8.4,42:1f:79:8d:85:51
408,409,14:6b:9c:f4:03:f1,Tue May  2 21:15:11 2023,3c:7d:0a:c0:68:ad,-67,11.8,42:1f:79:8d:85:51
409,410,14:6b:9c:f4:04:17,Tue May  2 21:15:12 2023,3c:7d:0a:c0:68:ad,-68,12.9,42:1f:79:8d:85:51
410,411,14:6b:9c:f4:04:39,Tue May  2 21:15:13 2023,3c:7d:0a:c0:68:ad,-63,8.4,42:1f:79:8d:85:51
411,412,14:6b:9c:f4:03:f1,Tue May  2 21:15:13 2023,3c:7d:0a:c0:68:ad,-67,11.8,42:1f:79:8d:85:51
412,413,14:6b:9c:f4:04:39,Tue May  2 21:15:25 2023,3c:7d:0a:c0:68:ad,-76,25.5,42:1f:79:8d:85:51
413,414,14:6b:9c:f4:03:f1,Tue May  2 21:15:25 2023,3c:7d:0a:c0:68:ad,-66,10.8,42:1f:79:8d:85:51
414,415,14:6b:9c:f4:04:39,Tue May  2 21:15:27 2023,3c:7d:0a:c0:68:ad,-76,25.5,42:1f:79:8d:85:51
415,416,14:6b:9c:f4:03:f1,Tue May  2 21:15:27 2023,3c:7d:0a:c0:68:ad,-66,10.8,42:1f:79:8d:85:51
416,417,14:6b:9c:f4:03:f1,Tue May  2 21:15:35 2023,3c:7d:0a:c0:68:ad,-63,8.4,42:1f:79:8d:85:51
417,418,14:6b:9c:f4:04:17,Tue May  2 21:15:36 2023,3c:7d:0a:c0:68:ad,-66,10.8,42:1f:79:8d:85:51
418,419,14:6b:9c:f4:03:f1,Tue May  2 21:15:37 2023,3c:7d:0a:c0:68:ad,-64,9.1,42:1f:79:8d:85:51
419,420,14:6b:9c:f4:04:17,Tue May  2 21:15:38 2023,3c:7d:0a:c0:68:ad,-66,10.8,42:1f:79:8d:85:51
420,421,14:6b:9c:f4:03:f1,Tue May  2 21:15:39 2023,3c:7d:0a:c0:68:ad,-64,9.1,42:1f:79:8d:85:51
421,422,14:6b:9c:f4:04:17,Tue May  2 21:15:46 2023,3c:7d:0a:c0:68:ad,-58,5.5,42:1f:79:8d:85:51
422,423,14:6b:9c:f4:03:f1,Tue May  2 21:15:47 2023,3c:7d:0a:c0:68:ad,-62,7.7,42:1f:79:8d:85:51
423,424,14:6b:9c:f4:04:17,Tue May  2 21:15:48 2023,3c:7d:0a:c0:68:ad,-58,5.5,42:1f:79:8d:85:51
424,425,14:6b:9c:f4:03:f1,Tue May  2 21:15:49 2023,3c:7d:0a:c0:68:ad,-62,7.7,42:1f:79:8d:85:51
425,426,14:6b:9c:f4:04:39,Tue May  2 21:15:51 2023,3c:7d:0a:c0:68:ad,-72,18.1,42:1f:79:8d:85:51
426,427,14:6b:9c:f4:04:39,Tue May  2 21:15:53 2023,3c:7d:0a:c0:68:ad,-72,18.1,42:1f:79:8d:85:51
427,428,14:6b:9c:f4:04:17,Tue May  2 21:16:18 2023,3c:7d:0a:c0:68:ad,-60,6.5,42:1f:79:8d:85:51
428,429,14:6b:9c:f4:04:39,Tue May  2 21:16:19 2023,3c:7d:0a:c0:68:ad,-74,21.5,42:1f:79:8d:85:51
429,430,14:6b:9c:f4:03:f1,Tue May  2 21:16:19 2023,3c:7d:0a:c0:68:ad,-74,21.5,42:1f:79:8d:85:51
430,431,14:6b:9c:f4:04:17,Tue May  2 21:16:20 2023,3c:7d:0a:c0:68:ad,-60,6.5,42:1f:79:8d:85:51
431,432,14:6b:9c:f4:04:39,Tue May  2 21:16:21 2023,3c:7d:0a:c0:68:ad,-74,21.5,42:1f:79:8d:85:51
432,433,14:6b:9c:f4:03:f1,Tue May  2 21:16:21 2023,3c:7d:0a:c0:68:ad,-74,21.5,42:1f:79:8d:85:51
433,434,14:6b:9c:f4:04:39,Tue May  2 21:16:33 2023,3c:7d:0a:c0:68:ad,-72,18.1,42:1f:79:8d:85:51
434,435,14:6b:9c:f4:04:39,Tue May  2 21:16:35 2023,3c:7d:0a:c0:68:ad,-72,18.1,42:1f:79:8d:85:51
435,436,14:6b:9c:f4:04:17,Tue May  2 21:16:44 2023,3c:7d:0a:c0:68:ad,-65,10.0,42:1f:79:8d:85:51
436,437,14:6b:9c:f4:03:f1,Tue May  2 21:16:45 2023,3c:7d:0a:c0:68:ad,-65,10.0,42:1f:79:8d:85:51
437,438,14:6b:9c:f4:04:39,Tue May  2 21:16:46 2023,3c:7d:0a:c0:68:ad,-70,15.3,42:1f:79:8d:85:51
438,439,14:6b:9c:f4:04:17,Tue May  2 21:16:46 2023,3c:7d:0a:c0:68:ad,-60,6.5,42:1f:79:8d:85:51
439,440,14:6b:9c:f4:03:f1,Tue May  2 21:16:47 2023,3c:7d:0a:c0:68:ad,-65,10.0,42:1f:79:8d:85:51
440,441,14:6b:9c:f4:04:39,Tue May  2 21:16:48 2023,3c:7d:0a:c0:68:ad,-70,15.3,42:1f:79:8d:85:51
441,442,14:6b:9c:f4:04:17,Tue May  2 21:16:48 2023,3c:7d:0a:c0:68:ad,-60,6.5,42:1f:79:8d:85:51
442,443,14:6b:9c:f4:04:17,Tue May  2 21:16:59 2023,3c:7d:0a:c0:68:ad,-64,9.1,42:1f:79:8d:85:51
443,444,14:6b:9c:f4:03:f1,Tue May  2 21:16:59 2023,3c:7d:0a:c0:68:ad,-72,18.1,42:1f:79:8d:85:51
444,445,14:6b:9c:f4:04:17,Tue May  2 21:17:01 2023,3c:7d:0a:c0:68:ad,-64,9.1,42:1f:79:8d:85:51
445,446,14:6b:9c:f4:03:f1,Tue May  2 21:17:01 2023,3c:7d:0a:c0:68:ad,-72,18.1,42:1f:79:8d:85:51
446,447,14:6b:9c:f4:03:f1,Tue May  2 21:17:11 2023,3c:7d:0a:c0:68:ad,-64,9.1,42:1f:79:8d:85:51
447,448,14:6b:9c:f4:04:17,Tue May  2 21:17:13 2023,3c:7d:0a:c0:68:ad,-66,10.8,42:1f:79:8d:85:51
448,449,14:6b:9c:f4:04:39,Tue May  2 21:17:14 2023,3c:7d:0a:c0:68:ad,-70,15.3,42:1f:79:8d:85:51
449,450,14:6b:9c:f4:03:f1,Tue May  2 21:17:13 2023,3c:7d:0a:c0:68:ad,-64,9.1,42:1f:79:8d:85:51
450,451,14:6b:9c:f4:04:17,Tue May  2 21:17:15 2023,3c:7d:0a:c0:68:ad,-66,10.8,42:1f:79:8d:85:51
451,452,14:6b:9c:f4:04:39,Tue May  2 21:17:16 2023,3c:7d:0a:c0:68:ad,-70,15.3,42:1f:79:8d:85:51
452,453,14:6b:9c:f4:04:39,Tue May  2 21:17:20 2023,3c:7d:0a:c0:68:ad,-73,19.7,42:1f:79:8d:85:51
453,454,14:6b:9c:f4:04:39,Tue May  2 21:17:22 2023,3c:7d:0a:c0:68:ad,-73,19.7,42:1f:79:8d:85:51
454,455,14:6b:9c:f4:03:f1,Tue May  2 21:17:25 2023,3c:7d:0a:c0:68:ad,-69,14.0,42:1f:79:8d:85:51
455,456,14:6b:9c:f4:04:39,Tue May  2 21:17:26 2023,3c:7d:0a:c0:68:ad,-64,9.1,42:1f:79:8d:85:51
456,457,14:6b:9c:f4:04:17,Tue May  2 21:17:27 2023,3c:7d:0a:c0:68:ad,-64,9.1,42:1f:79:8d:85:51
457,458,14:6b:9c:f4:03:f1,Tue May  2 21:17:28 2023,3c:7d:0a:c0:68:ad,-69,14.0,42:1f:79:8d:85:51
458,459,14:6b:9c:f4:04:39,Tue May  2 21:17:28 2023,3c:7d:0a:c0:68:ad,-64,9.1,42:1f:79:8d:85:51
459,460,14:6b:9c:f4:04:17,Tue May  2 21:17:29 2023,3c:7d:0a:c0:68:ad,-64,9.1,42:1f:79:8d:85:51
460,461,14:6b:9c:f4:04:39,Tue May  2 21:17:40 2023,3c:7d:0a:c0:68:ad,-78,30.3,42:1f:79:8d:85:51
461,462,14:6b:9c:f4:04:39,Tue May  2 21:17:42 2023,3c:7d:0a:c0:68:ad,-78,30.3,42:1f:79:8d:85:51
462,463,14:6b:9c:f4:04:17,Tue May  2 21:17:49 2023,3c:7d:0a:c0:68:ad,-59,5.9,42:1f:79:8d:85:51
463,464,14:6b:9c:f4:03:f1,Tue May  2 21:17:50 2023,3c:7d:0a:c0:68:ad,-67,11.8,42:1f:79:8d:85:51
464,465,14:6b:9c:f4:04:17,Tue May  2 21:17:51 2023,3c:7d:0a:c0:68:ad,-64,9.1,42:1f:79:8d:85:51
465,466,14:6b:9c:f4:03:f1,Tue May  2 21:17:52 2023,3c:7d:0a:c0:68:ad,-78,30.3,42:1f:79:8d:85:51
466,467,14:6b:9c:f4:04:17,Tue May  2 21:17:53 2023,3c:7d:0a:c0:68:ad,-58,5.5,42:1f:79:8d:85:51
467,468,14:6b:9c:f4:03:f1,Tue May  2 21:17:54 2023,3c:7d:0a:c0:68:ad,-78,30.3,42:1f:79:8d:85:51
468,469,14:6b:9c:f4:04:17,Tue May  2 21:17:55 2023,3c:7d:0a:c0:68:ad,-58,5.5,42:1f:79:8d:85:51
469,470,14:6b:9c:f4:04:17,Tue May  2 21:17:57 2023,3c:7d:0a:c0:68:ad,-57,5.0,42:1f:79:8d:85:51
470,471,14:6b:9c:f4:03:f1,Tue May  2 21:17:58 2023,3c:7d:0a:c0:68:ad,-64,9.1,42:1f:79:8d:85:51
471,472,14:6b:9c:f4:03:f1,Tue May  2 21:18:00 2023,3c:7d:0a:c0:68:ad,-64,9.1,42:1f:79:8d:85:51
472,473,14:6b:9c:f4:03:f1,Tue May  2 21:18:04 2023,3c:7d:0a:c0:68:ad,-71,16.6,42:1f:79:8d:85:51
473,474,14:6b:9c:f4:04:39,Tue May  2 21:18:04 2023,3c:7d:0a:c0:68:ad,-80,35.9,42:1f:79:8d:85:51
474,475,14:6b:9c:f4:04:39,Tue May  2 21:18:06 2023,3c:7d:0a:c0:68:ad,-80,35.9,42:1f:79:8d:85:51
475,476,14:6b:9c:f4:03:f1,Tue May  2 21:18:06 2023,3c:7d:0a:c0:68:ad,-62,7.7,42:1f:79:8d:85:51
476,477,14:6b:9c:f4:03:f1,Tue May  2 21:18:08 2023,3c:7d:0a:c0:68:ad,-62,7.7,42:1f:79:8d:85:51
477,478,14:6b:9c:f4:04:17,Tue May  2 21:18:31 2023,3c:7d:0a:c0:68:ad,-57,5.0,42:1f:79:8d:85:51
478,479,14:6b:9c:f4:04:17,Tue May  2 21:18:33 2023,3c:7d:0a:c0:68:ad,-57,5.0,42:1f:79:8d:85:51
479,480,14:6b:9c:f4:03:f1,Tue May  2 21:18:34 2023,3c:7d:0a:c0:68:ad,-63,8.4,42:1f:79:8d:85:51
480,481,14:6b:9c:f4:03:f1,Tue May  2 21:18:48 2023,3c:7d:0a:c0:68:ad,-62,7.7,42:1f:79:8d:85:51
481,482,14:6b:9c:f4:03:f1,Tue May  2 21:18:50 2023,3c:7d:0a:c0:68:ad,-62,7.7,42:1f:79:8d:85:51
482,483,14:6b:9c:f4:04:39,Tue May  2 21:18:56 2023,3c:7d:0a:c0:68:ad,-71,16.6,42:1f:79:8d:85:51
483,484,14:6b:9c:f4:04:39,Tue May  2 21:18:58 2023,3c:7d:0a:c0:68:ad,-71,16.6,42:1f:79:8d:85:51
484,485,14:6b:9c:f4:03:f1,Tue May  2 21:19:09 2023,3c:7d:0a:c0:68:ad,-63,8.4,42:1f:79:8d:85:51
485,486,14:6b:9c:f4:03:f1,Tue May  2 21:19:11 2023,3c:7d:0a:c0:68:ad,-65,10.0,42:1f:79:8d:85:51
486,487,14:6b:9c:f4:03:f1,Tue May  2 21:19:13 2023,3c:7d:0a:c0:68:ad,-65,10.0,42:1f:79:8d:85:51
487,488,14:6b:9c:f4:03:f1,Tue May  2 21:19:23 2023,3c:7d:0a:c0:68:ad,-66,10.8,42:1f:79:8d:85:51
488,489,14:6b:9c:f4:04:39,Tue May  2 21:19:24 2023,3c:7d:0a:c0:68:ad,-72,18.1,42:1f:79:8d:85:51
489,490,14:6b:9c:f4:03:f1,Tue May  2 21:19:25 2023,3c:7d:0a:c0:68:ad,-66,10.8,42:1f:79:8d:85:51
490,491,14:6b:9c:f4:04:39,Tue May  2 21:19:26 2023,3c:7d:0a:c0:68:ad,-72,18.1,42:1f:79:8d:85:51
491,492,14:6b:9c:f4:04:17,Tue May  2 21:19:35 2023,3c:7d:0a:c0:68:ad,-64,9.1,42:1f:79:8d:85:51
492,493,14:6b:9c:f4:04:17,Tue May  2 21:19:37 2023,3c:7d:0a:c0:68:ad,-64,9.1,42:1f:79:8d:85:51
